<?xml version="1.0"?>
<doc>
    <assembly>
        <name>CustomLogo</name>
    </assembly>
    <members>
        <member name="T:CustomLogo.Configuration.PluginConfiguration">
            <summary>
            Plugin configuration.
            </summary>
        </member>
        <member name="M:CustomLogo.Configuration.PluginConfiguration.#ctor">
            <summary>
            Initializes a new instance of the <see cref="T:CustomLogo.Configuration.PluginConfiguration"/> class.
            </summary>
        </member>
        <member name="T:CustomLogo.Plugin">
            <summary>
            The main plugin.
            </summary>
        </member>
        <member name="M:CustomLogo.Plugin.#ctor(MediaBrowser.Common.Configuration.IApplicationPaths,MediaBrowser.Model.Serialization.IXmlSerializer)">
            <summary>
            Initializes a new instance of the <see cref="T:CustomLogo.Plugin"/> class.
            </summary>
            <param name="applicationPaths">Instance of the <see cref="T:MediaBrowser.Common.Configuration.IApplicationPaths"/> interface.</param>
            <param name="xmlSerializer">Instance of the <see cref="T:MediaBrowser.Model.Serialization.IXmlSerializer"/> interface.</param>
        </member>
        <member name="P:CustomLogo.Plugin.Name">
            <inheritdoc />
        </member>
        <member name="P:CustomLogo.Plugin.Id">
            <inheritdoc />
        </member>
        <member name="P:CustomLogo.Plugin.Instance">
            <summary>
            Gets the current plugin instance.
            </summary>
        </member>
        <member name="M:CustomLogo.Plugin.GetPages">
            <inheritdoc />
        </member>
        <member name="T:CustomLogo.WebController">
            <summary>
            Web controller for handling logo uploads and serving custom logos.
            Intercepts the original Jellyfin logo paths to serve custom logos.
            </summary>
        </member>
        <member name="M:CustomLogo.WebController.#ctor(MediaBrowser.Common.Configuration.IApplicationPaths)">
            <summary>
            Initializes a new instance of the <see cref="T:CustomLogo.WebController"/> class.
            </summary>
            <param name="appPaths">Application paths.</param>
        </member>
        <member name="M:CustomLogo.WebController.UploadLogo">
            <summary>
            Uploads custom logos.
            </summary>
            <returns>HTML response.</returns>
        </member>
        <member name="M:CustomLogo.WebController.GetIconTransparent">
            <summary>
            Intercepts requests for icon-transparent.png and serves custom logo if available.
            </summary>
            <returns>Custom or original logo.</returns>
        </member>
        <member name="M:CustomLogo.WebController.GetBannerDarkOriginal">
            <summary>
            Intercepts requests for banner-dark.png and serves custom banner if available.
            </summary>
            <returns>Custom or original banner.</returns>
        </member>
        <member name="M:CustomLogo.WebController.GetBannerLightOriginal">
            <summary>
            Intercepts requests for banner-light.png and serves custom banner if available.
            </summary>
            <returns>Custom or original banner.</returns>
        </member>
        <member name="M:CustomLogo.WebController.GetIconTransparentHashed(System.String)">
            <summary>
            Intercepts requests for hashed icon-transparent files (e.g., icon-transparent.baba78f2a106d9baee83.png).
            </summary>
            <param name="hash">The webpack hash in the filename.</param>
            <returns>Custom or original logo.</returns>
        </member>
        <member name="M:CustomLogo.WebController.GetBannerDarkHashed(System.String)">
            <summary>
            Intercepts requests for hashed banner-dark files.
            </summary>
            <param name="hash">The webpack hash in the filename.</param>
            <returns>Custom or original banner.</returns>
        </member>
        <member name="M:CustomLogo.WebController.GetBannerLightHashed(System.String)">
            <summary>
            Intercepts requests for hashed banner-light files.
            </summary>
            <param name="hash">The webpack hash in the filename.</param>
            <returns>Custom or original banner.</returns>
        </member>
        <member name="M:CustomLogo.WebController.GetIcon">
            <summary>
            Gets the custom icon directly.
            </summary>
            <returns>Icon image or not found.</returns>
        </member>
        <member name="M:CustomLogo.WebController.GetBannerDark">
            <summary>
            Gets the custom dark banner directly.
            </summary>
            <returns>Banner image or not found.</returns>
        </member>
        <member name="M:CustomLogo.WebController.GetBannerLight">
            <summary>
            Gets the custom light banner directly.
            </summary>
            <returns>Banner image or not found.</returns>
        </member>
        <member name="M:CustomLogo.WebController.GetStatus">
            <summary>
            Gets the logo status (which logos are set).
            </summary>
            <returns>JSON with logo status.</returns>
        </member>
        <member name="M:CustomLogo.WebController.DeleteIcon">
            <summary>
            Deletes the custom icon.
            </summary>
            <returns>OK or not found.</returns>
        </member>
        <member name="M:CustomLogo.WebController.DeleteBannerDark">
            <summary>
            Deletes the custom dark banner.
            </summary>
            <returns>OK or not found.</returns>
        </member>
        <member name="M:CustomLogo.WebController.DeleteBannerLight">
            <summary>
            Deletes the custom light banner.
            </summary>
            <returns>OK or not found.</returns>
        </member>
        <member name="M:CustomLogo.WebController.IsValidHash(System.String)">
            <summary>
            Validates that a hash string only contains safe alphanumeric characters.
            </summary>
            <param name="hash">The hash to validate.</param>
            <returns>True if valid, false otherwise.</returns>
        </member>
        <member name="M:CustomLogo.WebController.ServeLogoOrFallbackSafe(System.String,System.String)">
            <summary>
            Serves a custom logo or falls back to original, with validated paths.
            This method is safe to use with user-controlled input after hash validation.
            </summary>
            <param name="customFileName">The custom logo filename.</param>
            <param name="originalRelativePath">The original relative path (already validated).</param>
            <returns>The logo file or not found.</returns>
        </member>
    </members>
</doc>
